sentence,pred
卡 萨 帝 波 轮 洗 衣 机,卡萨帝洗衣机
海 尔 波 轮 洗 衣 机,海尔洗衣机
卡 萨 帝 迷 你 波 轮 洗 衣 机,卡萨帝洗衣机
整 理 台,整理台
博 世 两 门 嵌 入 式 冰 箱,博世冰箱
嵌 入 式 两 门 冰 箱,冰箱
美 的 嵌 入 式 冰 箱,美的冰箱
美 诺 嵌 入 式 冰 箱,美诺冰箱
台 下 式 冷 藏 箱,冷藏箱
嵌 入 式 冰 箱,冰箱
海 尔 双 开 门 冰 箱,海尔冰箱
海 尔 冰 箱,海尔冰箱
卡 萨 帝 三 门 冰 箱,卡萨帝冰箱
日 立 双 门 冰 箱,日立冰箱
美 诺 嵌 入 式 冷 藏 箱,美诺冷藏箱
海 尔 双 开 门 风 冷 冰 箱,海尔冰箱
松 下 三 门 冰 箱,松下冰箱
独 立 式 冰 箱,冰箱
三 星 十 字 进 口 对 开 门 冰 箱,三星冰箱
博 世 对 开 门 冰 箱,博世冰箱
进 口 十 字 对 开 门 冰 箱,冰箱
日 立 对 开 门 冰 箱,日立冰箱
松 下 十 字 对 开 门 冰 箱,松下冰箱
带 制 冰 对 开 门 冰 箱,冰箱
两 门 冰 箱,冰箱
单 门 冰 箱,冰箱
博 世 三 门 冰 箱,博世冰箱
三 星 两 门 冰 箱,三星冰箱
美 的 三 门 冰 箱,美的冰箱
容 声 两 门 冰 箱,冰箱
海 尔 两 门 冰 箱,海尔冰箱
卡 萨 帝 嵌 入 式 两 门 冰 箱,卡萨帝冰箱
利 勃 海 尔 电 冰 箱,利勃海尔电冰箱
美 诺 单 门 冷 藏 箱,美诺冷藏箱
松 下 波 轮 洗 衣 机,松下洗衣机
三 星 十 字 对 开 门 冰 箱,三星冰箱
东 芝 电 冰 箱,东芝电冰箱
东 芝 冰 箱 电 冰 箱,东芝冰箱
卡 萨 帝 冰 箱,卡萨帝冰箱
进 口 冰 箱,冰箱
卡 萨 帝 对 开 门 冰 箱,卡萨帝冰箱
西 门 子 对 开 门 冰 箱,西门子冰箱
海 尔 对 开 门 冰 箱,海尔冰箱
三 星 对 开 门 冰 箱,三星冰箱
卡 萨 帝 嵌 入 式 十 字 门 冰 箱,卡萨帝冰箱
博 世 进 口 双 精 钢 单 冷 藏 冰 箱,博世冰箱
嵌 入 式 单 门 冰 箱,冰箱
卡 萨 帝 对 开 冰 箱,卡萨帝冰箱
不 锈 钢 色 利 勃 海 尔 对 开 门 冰 箱,利勃海尔冰箱
西 门 子 超 薄 对 开 门 冰 箱,西门子冰箱
独 立 式 生 物 养 鲜 对 开 门 冰 箱,冰箱
对 开 门 冰 箱,冰箱
日 立 十 字 对 开 门 冰 箱,日立冰箱
利 勃 海 尔 冰 箱,利勃海尔冰箱
冰 箱,冰箱
卡 萨 帝 冰 箱 对 开 风 冷 钛 金 拉 丝,卡萨帝冰箱
夏 普 日 本 原 装 六 门 冰 箱,夏普冰箱
五 门 冰 箱,冰箱
海 尔 四 门 冰 箱,海尔冰箱
松 下 四 门 冰 箱,松下冰箱
松 下 四 门 电 冰 箱,松下电冰箱
日 立 六 门 冰 箱,日立冰箱
日 立 门 冰 箱,日立冰箱
卡 萨 帝 五 门 冰 箱,卡萨帝冰箱
博 世 四 门 冰 箱,博世冰箱
美 诺 单 门 冷 冻 箱,美诺冷冻箱
卡 萨 帝 立 式 冷 冻 柜,卡萨帝冷冻柜
不 锈 钢 色 美 诺 冷 藏 冷 冻 箱,美诺冷藏冻箱
博 世 单 门 嵌 入 式 冰 箱,博世冰箱
松 下 进 口 五 门 冰 箱,松下冰箱
博 世 零 度 活 氧 四 门 冰 箱,博世冰箱
松 下 六 门 冰 箱,松下冰箱
东 芝 六 门 冰 箱,东芝冰箱
西 门 子 多 门 冰 箱,西门子冰箱
松 下 法 式 四 门 冰 箱,松下冰箱
卡 萨 帝 四 门 冰 箱,卡萨帝冰箱
四 门 冰 箱,冰箱
日 立 六 门 进 口 冰 箱,日立冰箱
日 立 原 装 进 口 六 门 冰 箱,日立冰箱
东 芝 多 门 冰 箱,东芝冰箱
卡 萨 帝 法 式 四 门 嵌 入 式 冰 箱,卡萨帝冰箱
松 下 进 口 六 门 冰 箱,松下冰箱
水 晶 黑 日 立 原 装 进 口 冰 箱,日立冰箱
卡 萨 帝 法 式 四 门 冰 箱,卡萨帝冰箱
十 字 门 冰 箱,冰箱
日 立 进 口 对 开 三 门 电 冰 箱,日立电冰箱
三 星 原 装 进 口 十 字 对 开 门 冰 箱,三星冰箱
对 开 门 大 容 量 冰 箱,冰箱
西 门 子 洗 衣 机,西门子洗衣机
荣 事 达 冰 箱,荣事达冰箱
西 门 子 烘 干 机,西门子烘干机
星 星 不 锈 钢 保 鲜 柜,星保鲜柜
海 尔 双 门 冰 箱,海尔冰箱
穗 凌 冰 箱,穗凌冰箱
岩 黑 酒 柜,岩黑酒柜
对 开 门 冰 箱 时 代 金,冰箱
滚 筒 洗 衣 机,洗衣机
变 频 洗 烘 一 体 滚 筒 洗 衣 机,洗衣机
多 门 冰 箱 朗 玉 金,冰箱
变 频 触 摸 洗 衣 机,洗衣机
变 频 滚 筒 洗 衣 机,洗衣机
两 门 冰 箱 时 代 金,冰箱
冰 箱 时 代 金,冰箱
变 频 风 冷 冰 箱 朗 玉 金,冰箱
变 频 多 门 冰 箱 金 拉 丝,冰箱
独 立 式 法 式 冰 箱,冰箱
珍 珠 白 日 立 六 门 冰 箱,日立冰箱
日 立 五 门 冰 箱,日立冰箱
水 晶 炫 金 色 日 立 六 门 原 装 进 口 冰 箱,日立冰箱
日 立 六 门 原 装 进 口 冰 箱,日立冰箱
日 立 原 装 进 口 冰 箱,日立冰箱
水 晶 白 色 日 立 六 门 原 装 进 口 冰 箱,日立冰箱
卡 萨 帝 物 联 网 法 式 四 门 冰 箱,卡萨帝冰箱
洗 衣 机,洗衣机
卡 萨 帝 洗 衣 机,卡萨帝洗衣机
东 芝 滚 筒 洗 衣 机,东芝洗衣机
美 诺 滚 筒 洗 衣 机,美诺洗衣机
卡 萨 帝 滚 筒 洗 衣 机,卡萨帝洗衣机
博 世 滚 筒 洗 衣 机,博世洗衣机
海 尔 滚 筒 洗 衣 机,海尔洗衣机
独 立 式 洗 衣 机,洗衣机
松 下 滚 筒 洗 衣 机,松下洗衣机
进 口 滚 筒 洗 衣 机,洗衣机
海 尔 洗 衣 机,海尔洗衣机
海 尔 带 烘 干 滚 筒 洗 衣 机,海尔洗衣机
博 世 活 氧 银 色 洗 衣 机,博世洗衣机
美 诺 洗 衣 机,美诺洗衣机
壁 挂 式 滚 筒 洗 衣 机,洗衣机
三 星 进 口 滚 筒 洗 衣 机,三星洗衣机
小 天 鹅 滚 筒 洗 衣 机,小天鹅洗衣机
干 衣 机 套 装 组 合,干衣机
博 世 洗 衣 机,博世洗衣机
三 洋 滚 筒 洗 衣 机,三洋洗衣机
三 星 滚 筒 洗 衣 机,三星洗衣机
美 的 洗 烘 一 体 洗 衣 机 健 康 洗,美的洗衣机
卡 萨 帝 洗 干 护 一 体 机,卡萨帝洗干护一体机
卡 萨 帝 烘 干 双 子 滚 筒 洗 衣 机,卡萨帝洗衣机
卡 萨 帝 双 子 滚 筒 洗 衣 机,卡萨帝洗衣机
松 下 手 洗 机 器 人 一 体 机,松下机器人一体
海 尔 云 熙 全 自 动 波 轮 洗 衣 机 家 用,海尔洗衣机
三 星 干 衣 机,三星干衣机
三 星 原 装 进 口 衣 物 护 理 机,三星护理机
松 下 衣 物 护 理 机,松下护理机
松 下 热 泵 干 衣 机,松下干衣机
干 衣 机,干衣机
护 理 柜,护理柜
卡 萨 帝 干 衣 机,卡萨帝干衣机
蒸 汽 衣 物 护 理 机,护理机
松 下 热 泵 烘 护 机,松下烘护机
进 口 干 衣 机,干衣机
美 诺 热 泵 干 衣 机,美诺干衣机
西 门 子 干 衣 机,西门子干衣机
海 尔 干 衣 机,海尔干衣机
美 诺 干 衣 机,美诺干衣机
热 泵 干 衣 机,干衣机
博 世 进 口 干 衣 机,博世干衣机
松 下 干 衣 机,松下干衣机
小 天 鹅 比 佛 利 滚 筒 洗 衣 机,小天鹅洗衣机
原 装 进 口 带 烘 干 滚 筒 洗 衣 机,洗衣机
惠 而 浦 带 烘 干 滚 筒 洗 衣 机,惠而浦洗衣机
进 口 带 烘 干 滚 筒 洗 衣 机,洗衣机
卡 萨 帝 带 烘 干 滚 筒 洗 衣 机,卡萨帝洗衣机
带 烘 干 滚 筒 洗 衣 机,洗衣机
博 世 洗 烘 一 体 机,博世洗烘一体机
三 星 带 烘 干 洗 衣 机,三星洗衣机
西 门 子 洗 烘 一 体 机,西门子洗烘一体机
三 星 进 口 洗 干 一 体 机,三星洗干一体机
松 下 洗 烘 护 一 体 机,松下洗烘护一体机
美 诺 洗 干 一 体 机,美诺洗干一体机
干 衣 柜,干衣柜
独 立 式 滚 筒 干 衣 机,干衣机
原 装 进 口 智 能 衣 物 护 理 机,护理机
博 世 干 衣 机,博世干衣机
卡 萨 帝 纤 见 和 美 洗 烘 一 体 机,卡萨帝洗烘一体机
东 芝 滚 筒 洗 烘 一 体 机,东芝洗烘一体机
东 芝 洗 烘 一 体 机,东芝洗烘一体机
东 芝 热 泵 式 滚 筒 洗 烘 一 体 机,东芝洗烘一体机
东 芝 热 泵 式 洗 烘 一 体 机,东芝洗烘一体机
日 立 带 烘 干 洗 衣 机,日立洗衣机
松 下 带 烘 干 滚 筒 洗 衣 机,松下洗衣机
海 尔 带 烘 干 洗 衣 机,海尔洗衣机
博 世 红 酒 柜,博世红酒柜
红 酒 柜,红酒柜
卡 萨 帝 红 酒 柜,卡萨帝红酒柜
卡 萨 帝 冰 吧,卡萨帝冰吧
嵌 入 式 酒 柜,酒柜
美 诺 酒 柜,美诺酒柜
卡 萨 帝 多 功 能 冷 冻 柜,卡萨帝冷冻柜
卡 萨 帝 四 维 生 态 养 鲜 冰 吧,卡萨帝冰吧
三 温 区 酒 柜,三温区酒柜
海 尔 冷 藏 柜,海尔冷藏柜
嵌 入 式 葡 萄 酒 柜,酒柜
美 诺 下 嵌 式 酒 柜,美诺酒柜
双 温 区 酒 柜,酒柜
下 嵌 式 酒 柜,酒柜
美 诺 嵌 入 式 红 酒 柜,美诺红酒柜
独 立 式 红 酒 柜,红酒柜
海 尔 冷 柜,海尔冷柜
嵌 入 式 双 温 区 酒 柜,酒柜
东 芝 滚 筒 干 衣 机,东芝干衣机
独 立 式 干 衣 机,干衣机
三 星 定 制 冰 箱,三星冰箱
三 星 进 口 定 制 冰 箱,三星冰箱
卡 萨 帝 嵌 入 式 风 冷 冰 箱,卡萨帝冰箱
美 诺 嵌 入 式 单 门 冷 冻 箱,美诺冷冻箱
嵌 入 式 单 冷 藏 冰 箱,冰箱
嵌 入 式 单 冷 冻 冰 箱,冰箱
美 诺 嵌 入 式 冷 藏 冷 冻 箱,美诺冷藏冻箱
卡 萨 帝 自 由 嵌 入 式 十 字 对 开 门 冰 箱,卡萨帝冰箱
卡 萨 帝 三 门 嵌 入 式 冰 箱,卡萨帝冰箱
西 门 子 德 国 进 口 嵌 入 式 单 冷 冻 冰 箱,西门子冰箱
自 由 组 合 冰 箱,冰箱
西 门 子 嵌 入 式 冷 藏 保 鲜 冰 箱,西门子冰箱
卡 萨 帝 清 水 泥 白 岩 板 法 式 平 嵌 冰 箱,卡萨帝冰箱
西 门 子 嵌 入 式 单 冷 冻 冰 箱,西门子冰箱
西 门 子 嵌 入 式 单 冷 藏 冰 箱,西门子冰箱
东 芝 十 字 对 开 门 冰 箱,东芝冰箱
东 芝 法 式 四 门 冰 箱,东芝冰箱
原 装 进 口 嵌 入 式 冰 箱,冰箱
美 诺 嵌 入 式 冷 冻 箱,美诺冷冻箱
博 世 立 式 无 霜 冰 柜,博世冰柜
方 太 嵌 入 式 洗 碗 机,方太洗碗机
老 板 嵌 入 式 洗 碗 机,老板洗碗机
全 嵌 式 洗 碗 机,洗碗机
嵌 入 式 洗 碗 机,洗碗机
洗 碗 机,洗碗机
老 板 强 力 洗 洗 碗 机,老板洗碗机
西 门 子 全 能 舱 洗 碗 机,西门子洗碗机
老 板 光 焱 洗 消 一 体 机,老板洗消一体机
西 门 子 全 能 舱 洗 碗 机 套,西门子洗碗机
西 门 子 半 嵌 式 套 洗 碗 机,西门子洗碗机
博 世 洗 碗 机,博世洗碗机
博 世 嵌 入 式 洗 碗 机,博世洗碗机
西 门 子 独 立 洗 碗 机,西门子洗碗机
美 诺 下 嵌 式 洗 碗 机,美诺洗碗机
卡 萨 帝 抽 屉 洗 碗 机,卡萨帝洗碗机
博 世 独 立 式 洗 碗 机,博世洗碗机
方 太 水 槽 洗 碗 机,方太洗碗机
方 太 嵌 入 式 水 槽 洗 碗 机,方太洗碗机
独 立 式 洗 碗 机,洗碗机
美 诺 半 嵌 式 洗 碗 机,美诺洗碗机
组 合 式 洗 碗 机,洗碗机
博 世 全 嵌 式 洗 碗 机,博世洗碗机
博 世 半 嵌 式 洗 碗 机,博世洗碗机
美 诺 独 立 式 洗 碗 机,美诺洗碗机
老 板 洗 碗 机,老板洗碗机
美 诺 全 嵌 式 洗 碗 机,美诺洗碗机
全 嵌 入 式 洗 碗 机,洗碗机
卡 萨 帝 套 嵌 入 式 洗 碗 机,卡萨帝洗碗机
西 门 子 半 嵌 式 洗 碗 机,西门子洗碗机
西 门 子 独 立 式 洗 碗 机,西门子洗碗机
西 门 子 嵌 入 式 洗 碗 机,西门子洗碗机
海 尔 嵌 入 式 洗 碗 机,海尔洗碗机
西 门 子 套 全 嵌 洗 碗 机,西门子洗碗机
卡 萨 帝 双 层 抽 屉 嵌 入 式 洗 碗 机,卡萨帝洗碗机
卡 萨 帝 抽 屉 嵌 入 式 洗 碗 机,卡萨帝洗碗机
西 门 子 嵌 入 式 消 毒 柜,西门子消毒柜
方 太 消 毒 柜,方太消毒柜
康 宝 商 用 消 毒 柜,康宝消毒柜
康 宝 商 用 大 型 柜 立 式 消 毒 柜,康宝消毒柜
康 宝 消 毒 柜,康宝消毒柜
方 太 嵌 入 式 消 毒 柜,方太消毒柜
老 板 嵌 入 式 消 毒 柜,老板消毒柜
卡 萨 帝 消 毒 柜,卡萨帝消毒柜
老 板 光 巡 消 毒 柜,老板消毒柜
老 板 光 剑 消 毒 柜,老板消毒柜
樱 花 消 毒 柜,樱花消毒柜
博 世 消 毒 柜,博世消毒柜
老 板 消 毒 柜,老板消毒柜
百 乐 满 炫 光 热 水 器,百乐满热水器
百 乐 满 热 水 器,百乐满热水器
能 率 燃 气 热 水 器,能率热水器
史 密 斯 空 气 能 热 水 器,史密斯热水器
方 太 燃 气 热 水 器,方太热水器
能 率 热 水 器,能率热水器
卡 萨 帝 热 水 器,卡萨帝热水器
林 内 热 水 器,林内热水器
万 家 乐 强 排 式 热 水 器,万家乐热水器
樱 花 平 衡 式 数 码 恒 温 热 水 器,樱花热水器
史 密 斯 燃 气 热 水 器,史密斯热水器
百 富 士 热 水 器,百富士热水器
史 密 斯 热 水 器,史密斯热水器
多 田 燃 气 热 水 器,多田热水器
多 田 热 水 器,多田热水器
林 内 燃 气 热 水 器,林内热水器
林 内 平 衡 式 燃 气 热 水 器,林内热水器
樱 花 零 冷 水 热 水 器,樱花热水器
百 富 士 户 外 热 水 器 周 年 纪 念 款,百富士热水器
林 内 强 排 式 燃 气 热 水 器,林内热水器
卡 萨 帝 燃 气 热 水 器,卡萨帝热水器
林 内 内 置 循 环 水 燃 气 热 水 器,林内热水器
樱 花 零 冷 水 数 码 恒 温 燃 气 热 水 器,樱花热水器
老 板 智 恒 温 燃 气 热 水 器,老板热水器
史 密 斯 一 级 静 音 燃 气 热 水 器,史密斯热水器
百 乐 满 燃 气 热 水 器,百乐满热水器
百 乐 满 强 排 热 水 器,百乐满热水器
百 富 士 燃 气 热 水 器,百富士热水器
西 门 子 嵌 入 式 燃 气 灶,西门子燃气灶
樱 花 嵌 入 式 燃 气 灶,樱花燃气灶
卡 萨 帝 两 头 标 准 玻 璃 灶 具,卡萨帝灶具
灶 具,灶具
火 王 燃 气 灶,火王燃气灶
史 密 斯 天 然 气 灶,史密斯天然气灶
西 门 子 三 眼 燃 气 灶,西门子燃气灶
天 然 气 灶,天然气灶
老 板 自 动 巡 航 智 能 灶,老板智能灶
方 太 天 然 气 灶,方太天然气灶
方 太 电 磁 灶,方太电磁灶
方 太 燃 气 灶,方太燃气灶
美 诺 组 合 式 燃 气 灶,美诺燃气灶
双 头 燃 气 灶,燃气灶
博 世 燃 气 灶,博世燃气灶
博 世 三 眼 燃 气 灶,博世燃气灶
美 诺 四 炉 头 燃 气 灶,美诺燃气灶
美 诺 燃 气 灶,美诺燃气灶
燃 气 灶,燃气灶
博 世 二 燃 气 灶,博世燃气灶
博 世 嵌 入 式 燃 气 灶,博世燃气灶
老 板 紫 焰 大 火 燃 气 灶,老板燃气灶
老 板 速 火 智 能 燃 气 灶,老板燃气灶
老 板 聚 中 劲 火 燃 气 灶,老板燃气灶
多 田 平 衡 热 水 器,多田热水器
 花 恒 温 热 水 器,鸦ㄈ人器
百 乐 满 室 内 平 衡 节 能 式 热 水 器,百乐满热水器
多 田 背 排 特 别 版 燃 气 热 水 器,多田热水器
多 田 平 衡 背 排 式 热 水 器,多田热水器
多 田 强 排 式 燃 气 热 水 器,多田热水器
林 内 采 暖 炉,林内采暖炉
百 乐 满 节 能 式 热 水 器,百乐满热水器
百 乐 满 室 外 燃 气 热 水 器,百乐满热水器
百 乐 满 室 内 平 衡 节 能 式 燃 气 热 水 器,百乐满热水器
林 内 户 外 型 热 水 器,林内热水器
方 太 嵌 入 式 炉 具,方太炉具
西 门 子 燃 气 灶,西门子燃气灶
老 板 电 磁 灶,老板电磁灶
老 板 灶 具,老板灶具
西 门 子 电 磁 灶,西门子电磁灶
方 太 集 成 电 灶,方太电灶
四 头 标 准 尺 寸 玻 璃 炉,玻璃炉
方 太 嵌 入 式 燃 气 灶,方太燃气灶
老 板 嵌 入 式 燃 气 灶,老板燃气灶
方 太 嵌 入 式 灶 具,方太灶具
西 门 子 嵌 入 式 净 饮 机,西门子净饮机
多 田 强 排 燃 气 热 水 器,多田热水器
史 密 斯 强 排 式 燃 气 热 水 器,史密斯热水器
美 诺 嵌 入 式 烤 箱,美诺烤箱
美 诺 电 烧 烤 架,美诺电烧烤架
美 诺 嵌 入 式 微 蒸 一 体 机,美诺微蒸一体机
西 门 子 嵌 入 式 蒸 箱,西门子蒸箱
博 世 进 口 烤 箱,博世烤箱
方 太 嵌 入 式 蒸 烤 一 体 机,方太蒸烤一体机
博 世 嵌 入 式 烤 箱,博世烤箱
美 诺 嵌 入 式 蒸 烤 一 体 机,美诺蒸烤一体机
老 板 嵌 入 式 蒸 烤 微 一 体 机,老板蒸烤微一体机
美 诺 嵌 入 式 烤 箱 曜 石 黑,美诺烤箱
博 世 进 口 蒸 箱,博世蒸箱
美 诺 嵌 入 式 蒸 炉,美诺蒸炉
博 世 嵌 入 式 微 波 炉,博世微波炉
美 诺 嵌 入 式 微 烤 一 体 机,美诺微烤一体机
博 世 嵌 入 式 蒸 汽 烤 箱,博世蒸汽烤箱
方 太 嵌 入 式 蒸 烤 微 炸 一 体 机,方太蒸烤微炸一体机
老 板 嵌 入 式 蒸 烤 炸 一 体 机,老板蒸烤炸一体机
老 板 嵌 入 式 蒸 箱,老板蒸箱
老 板 嵌 入 式 烤 箱,老板烤箱
方 太 嵌 入 式 蒸 箱,方太蒸箱
西 门 子 紧 凑 型 蒸 箱,西门子蒸箱
美 诺 嵌 入 式 微 波 烤 箱 曜 石 黑,美诺微波烤箱
美 诺 嵌 入 式 微 波 烤 箱 不 锈 钢,美诺微波烤箱
松 下 嵌 入 式 微 蒸 烤 一 体 机,松下微蒸烤一体机
合 一 微 蒸 烤 一 体 机,微蒸烤一体机
美 诺 嵌 入 式 微 波 蒸 炉 星 空 灰,美诺微波蒸炉
美 诺 嵌 入 式 微 波 炉,美诺微波炉
老 板 蒸 烤 炸 一 体 机,老板蒸烤炸一体机
方 太 嵌 入 式 烤 烘 炸 一 体 机,方太烤烘炸一体机
美 诺 嵌 入 式 微 波 蒸 炉 不 锈 钢,美诺微波蒸炉
老 板 蒸 烤 一 体 机,老板蒸烤一体机
老 板 中 式 烤 箱,老板烤箱
老 板 双 温 双 控 烤 箱,老板烤箱
老 板 蒸 箱,老板蒸箱
嵌 入 式 暖 碟 机,暖碟机
嵌 入 式 烤 箱,烤箱
方 太 嵌 入 式 灶 蒸 烤 一 体 机,方太蒸烤一体机
博 世 嵌 入 式 蒸 汽 电 烤 箱,博世蒸汽电烤箱
方 太 嵌 入 式 烤 箱,方太烤箱
博 世 嵌 入 式 蒸 箱,博世蒸箱
西 门 子 嵌 入 式 暖 碟 抽 屉,西门子暖碟抽屉
西 门 子 嵌 入 式 微 波 炉,西门子微波炉
方 太 蒸 微 一 体 机,方太蒸微一体机
博 世 蒸 烤 一 体 机,博世蒸烤一体机
博 世 嵌 入 式 电 烤 箱,博世电烤箱
嵌 入 式 蒸 汽 烤 箱,蒸汽烤箱
博 世 蒸 箱,博世蒸箱
博 世 烤 箱,博世烤箱
嵌 嵌 入 式 蒸 烤 一 体 机,蒸烤一体机
卡 萨 帝 嵌 入 式 蒸 箱,卡萨帝蒸箱
嵌 入 式 蒸 烤 一 体 机,蒸烤一体机
美 诺 嵌 入 式 蒸 箱,美诺蒸箱
进 口 嵌 入 式 蒸 箱,蒸箱
老 板 嵌 入 式 蒸 烤 一 体 机,老板蒸烤一体机
烤 箱 曜 石 黑 美 诺 嵌 入 式 烤 箱,烤箱诺
樱 花 电 蒸 箱,樱花电蒸箱
美 诺 嵌 入 式 真 空 机,美诺真空机
美 诺 食 物 保 温 机,美诺食物保温机
博 世 微 波 烤 箱,博世微波烤箱
咖 啡 机,咖啡机
便 携 式 电 蒸 箱,电蒸箱
美 诺 嵌 入 式 电 磁 炉,美诺电磁炉
方 太 蒸 烤 一 体 机,方太蒸烤一体机
美 诺 嵌 入 式 咖 啡 机,美诺咖啡机
美 诺 嵌 入 式 微 波 蒸 炉,美诺微波蒸炉
美 诺 嵌 入 式 微 波 烤 箱,美诺微波烤箱
方 太 嵌 入 式 全 蒸 烤 烹 饪 一 体 机,方太蒸烤烹饪一体机
方 太 嵌 入 式 电 烤 箱,方太电烤箱
老 板 嵌 入 式 微 波 炉,老板微波炉
方 太 嵌 入 式 微 波 炉,方太微波炉
西 门 子 嵌 入 式 烤 箱,西门子烤箱
美 诺 独 立 式 蒸 箱,美诺蒸箱
方 太 嵌 入 式 蒸 微 一 体 机,方太蒸微一体机
嵌 入 式 不 锈 钢 蒸 烤 一 体 机,蒸烤一体机
西 门 子 烤 箱,西门子烤箱
西 门 子 智 能 蒸 烤 一 体 机,西门子蒸烤一体机
黑 色 西 门 子 德 国 进 口 蒸 汽 烤 箱,西门子蒸汽烤箱
方 太 灶 蒸 烤 烹 饪 机,方太烹饪机
黑 色 西 门 子 嵌 入 式 蒸 汽 烤 箱,西门子蒸汽烤箱
西 门 子 嵌 入 式 蒸 汽 烤 箱,西门子蒸汽烤箱
方 太 嵌 入 式 蒸 烤 炸 烹 饪 机,方太烹饪机
卡 萨 帝 蒸 烤 一 体 机,卡萨帝蒸烤一体机
蒸 烤 一 体 机,蒸烤一体机
纯 蒸 箱,蒸箱
火 王 集 成 灶,火王集成灶
火 王 智 能 集 成 灶,火王集成灶
火 星 人 集 成 洗 碗 机,火星人洗碗机
火 星 人 蒸 烤 一 体 集 成 灶,火星人集成灶
火 星 人 消 毒 一 体 集 成 灶,火星人集成灶
老 板 集 成 烟 机,老板烟机
老 板 蒸 烤 一 体 集 成 灶,老板集成灶
万 和 电 热 水 器,万和热水器
史 密 斯 电 热 水 器,史密斯电
史 密 斯 电 热 落 地 炉,史密斯落地炉
海 尔 空 气 能 热 水 器,海尔热水器
卡 萨 帝 空 气 能 热 水 器,卡萨帝热水器
史 密 斯 一 体 式 空 气 能 热 水 器,史密斯热水器
史 密 斯 别 墅 型 空 气 能 热 水 器,史密斯热水器
史 密 斯 分 体 式 空 气 能 热 水 器,史密斯热水器
史 密 斯 中 央 空 气 能 热 水 器,史密斯热水器
史 密 斯 中 央 热 水 器,史密斯热水器
海 尔 空 气 能 电 热 水 器,海尔电热水器
捷 狮 即 热 式 小 厨 宝,捷狮小厨宝
西 门 子 气 电 两 用 炉,西门子气电两用炉
电 磁 灶,电磁灶
多 米 诺 双 眼 电 磁 灶,多米诺电磁灶
多 米 诺 电 气 两 用 铁 板 烧,多米诺铁板烧
方 太 嵌 入 式 电 磁 灶,方太电磁灶
美 诺 壁 挂 式 烟 机,美诺烟机
美 诺 嵌 入 式 电 陶 炉,美诺电陶炉
美 诺 电 磁 炉,美诺电磁炉
美 的 电 磁 灶 电 陶 灶,美的电磁灶
美 诺 嵌 入 式 电 磁 灶,美诺电磁灶
方 太 电 气 两 用 炉,方太电气两用炉
嵌 入 式 多 米 诺 单 桥 区 电 磁 灶,多米诺电磁灶
美 诺 四 烹 调 区 电 磁 炉,美诺电磁炉
老 板 超 薄 近 吸 油 烟 机,老板油烟机
老 板 侧 吸 油 烟 机,老板油烟机
老 板 超 薄 全 自 动 油 烟 机,老板油烟机
西 门 子 油 烟 机,西门子油烟机
博 世 轻 触 型 欧 式 油 烟 机,博世油烟机
博 世 侧 吸 油 烟 机,博世油烟机
博 世 型 不 锈 钢 烟 机,博世烟机
型 欧 式 油 烟 机,油烟机
美 诺 岛 式 抽 油 烟 机,美诺油烟机
博 世 吸 油 烟 机,博世油烟机
美 诺 岛 式 吸 油 烟 机,美诺油烟机
方 太 侧 吸 欧 式 油 烟 机,方太油烟机
老 板 塔 形 顶 吸 油 烟 机,老板油烟机
方 太 型 欧 式 抽 油 烟 机,方太油烟机
美 诺 中 岛 式 抽 油 烟 机,美诺油烟机
壁 挂 式 型 吸 油 烟 机,油烟机
方 太 智 能 新 欧 式 油 烟 机,方太油烟机
美 诺 壁 挂 式 吸 油 烟 机,美诺油烟机
方 太 中 岛 式 油 烟 机,方太油烟机
博 世 油 烟 机,博世油烟机
方 太 侧 吸 式 油 烟 机,方太油烟机
方 太 油 烟 机,方太油烟机
博 世 轻 触 式 型 欧 式 烟 机,博世烟机
老 板 抽 油 烟 机,老板油烟机
万 家 乐 近 吸 式 油 烟 机,万家乐油烟机
老 板 双 腔 大 吸 力 油 烟 机,老板油烟机
老 板 三 面 灵 拢 大 吸 力 油 烟 机,老板油烟机
老 板 大 吸 力 油 烟 机,老板油烟机
老 板 大 风 压 大 吸 力 油 烟 机,老板油烟机
樱 花 侧 吸 欧 式 油 烟 机,樱花油烟机
美 诺 吸 油 烟 机 过 滤 网,美诺油烟机过滤网
林 内 中 央 热 水 循 环 系 统,林内热水循环系统
方 太 欧 式 抽 油 烟 机,方太油烟机
方 太 中 岛 式 抽 油 烟 机,方太油烟机
美 的 侧 吸 式 欧 式 油 烟 机,美的油烟机
老 板 侧 吸 式 油 烟 机,老板油烟机
方 太 欧 式 油 烟 机,方太油烟机
博 世 欧 式 型 油 烟 机,博世油烟机
博 世 轻 触 式 型 欧 式 油 烟 机,博世油烟机
方 太 侧 吸 式 欧 式 油 烟 机,方太油烟机
老 板 形 抽 油 烟 机,老板油烟机
欧 式 油 烟 机,油烟机
侧 吸 式 油 烟 机,油烟机
西 门 子 型 欧 式 油 烟 机,西门子油烟机
西 门 子 微 塔 式 油 烟 机,西门子油烟机
老 板 塔 形 欧 式 抽 油 烟 机,老板油烟机
西 门 子 侧 吸 式 吸 油 烟 机,西门子油烟机
博 世 系 壁 挂 侧 吸 油 烟 机,博世油烟机
卡 萨 帝 欧 式 侧 吸 油 烟 机,卡萨帝油烟机
火 王 油 烟 机,火王油烟机
黑 珍 珠 火 王 侧 吸 油 烟 机,火王油烟机
油 烟 机 油 烟 机,油烟机
油 烟 机,油烟机
西 门 子 抽 油 烟 机,西门子油烟机
史 密 斯 顶 侧 双 吸 烟 机,史密斯吸烟机
爱 适 易 食 物 垃 圾 处 理 器,垃圾处理器
卡 萨 帝 垃 圾 处 理 器,卡萨帝垃圾处理器
林 内 循 环 水 装 置,林内循环水装置
百 富 士 循 环 泵,百富士循环泵
百 富 士 回 水 泵,百富士回水泵
贝 克 巴 斯 厨 余 垃 圾 处 理 器,垃圾处理器
贝 克 巴 斯 垃 圾 处 理 机 水 龙 头,垃圾处理机
贝 克 巴 斯 垃 圾 处 理 器,垃圾处理器
戴 森 空 气 净 化 风 扇,戴森风扇
戴 森 塔 式 无 叶 风 扇,戴森风扇
艾 美 特 循 环 扇,艾美特循环扇
布 鲁 雅 尔 空 气 净 化 器 家 用,空气净化器
海 尔 除 湿 机,海尔除湿机
圣 德 芬 空 气 净 化 器,空气净化器
美 国 森 井 家 用 除 湿 机 级 版,除湿机
飞 立 臭 氧 消 毒 机,臭氧消毒机
平 方 除 湿 机,除湿机
空 气 净 化 器,空气净化器
平 方 净 化 器,净化器
莱 克 除 湿 机,莱克除湿机
戴 森 加 湿 器,戴森加湿器
德 龙 除 湿 机,德龙除湿机
戴 森 除 菌 加 湿 器,戴森加湿器
松 下 手 持 超 声 波 冲 牙 器,松下冲牙器
智 能 声 波 电 动 牙 刷,电动牙刷
布 鲁 雅 尔 空 气 净 化 器,空气净化器
布 鲁 雅 尔 净 醛 净 化 器,净醛化器
松 下 空 气 净 化 器,松下空气净化器
布 鲁 雅 尔 净 化 器,净化器
飞 利 浦 加 湿 空 气 净 化 器,飞利浦空气净化器
飞 利 浦 电 动 声 波 牙 刷,飞利浦牙刷
艾 美 特 智 能 无 叶 风 扇,艾美特风扇
莱 克 智 能 空 气 调 节 扇,莱克空气调节扇
戴 森 冷 暖 器,戴森冷暖器
美 的 对 衡 式 取 暖 器,美的取暖器
美 的 踢 脚 线 电 暖 器,美的电暖器
莱 克 智 能 冷 暖 化 一 体 机,莱克冷暖化一体机
松 下 蒸 面 器,松下蒸面器
松 下 射 频 美 容 仪,松下美容仪
松 下 离 子 美 容 仪,松下美容仪
黑 色 红 光 三 棱 射 频 仪,射频仪
雅 萌 眼 部 射 频 仪,射频仪
初 普 美 眼 仪,美眼仪
初 普 射 频 美 容 仪,美容仪
黑 金 冰 点 嫩 肤 仪,嫩肤仪
觅 光 雪 露 紫 红 光 三 棱 射 频 仪 礼 盒,射频仪
雅 萌 射 频 美 容 仪,美容仪
金 色 觅 光 黄 金 点 阵 美 容 仪,美容仪
强 脉 冲 光 治 疗 仪,治疗仪
二 代 多 功 能 头 脱 毛 仪,脱毛仪
零 重 力 美 容 仪,美容仪
雅 萌 夜 猫 眼 罩,夜猫眼罩
二 代 宙 斯 金 美 容 仪,美容仪
二 代 宙 斯 粉 美 容 仪,美容仪
雅 萌 水 光 钻 射 频 美 容 仪,美容仪
台 式 冲 牙 器,冲牙器
飞 利 浦 电 动 剃 须 刀,飞利浦电动剃须刀
飞 利 浦 电 动 剃 须 刀 礼 盒,飞利浦电动剃须刀
松 下 五 刀 头 充 电 式 进 口 剃 须 刀,松下剃须刀
松 下 纳 米 电 吹 风,松下电吹风
莱 克 水 离 子 吹 风 机,莱克吹风机
戴 森 美 发 造 型 器 旗 舰 套 装 通 用 版,戴森美发造型器
戴 森 美 发 造 型 器 旗 舰 套 装 长 发 版,戴森美发造型器
戴 森 美 发 直 发 器,戴森美发直器
松 下 吹 护 机,松下吹护机
戴 森 美 发 造 型 器,戴森美发造型器
莱 克 吹 风 机,莱克吹风机
戴 森 吹 风 机,戴森吹风机
美 诺 蒸 汽 熨 烫 系 统,美诺蒸汽熨烫系统
智 能 熨 烫 护 理 系 统,熨烫护理系统
莱 克 挂 烫 机,莱克挂烫机
松 下 蒸 汽 挂 烫 电 熨 斗,松下电熨斗
莱 克 挂 烫 机 莱 克 挂 烫 机,莱克挂烫机
松 下 压 力 式 蒸 汽 电 烫 斗,松下电烫斗
劳 拉 之 星 蒸 汽 熨 斗,蒸汽熨斗
美 诺 手 持 式 吸 尘 器,美诺吸尘器
优 瑞 家 吸 拖 洗 一 体 机,吸拖洗一体机
优 瑞 家 智 能 除 菌 洗 地 机,洗地机
戴 森 无 绳 吸 尘 器,戴森吸尘器
松 下 充 电 式 真 空 吸 尘 器,松下吸尘器
松 下 进 口 剃 须 刀,松下剃须刀
德 国 博 朗 剃 须 刀,博朗剃须刀
飞 利 浦 国 博 传 世 系 列 剃 须 刀,飞利浦剃须刀
莱 克 吸 尘 器,莱克吸尘器
科 沃 斯 擦 窗 机 器 人,科沃斯擦窗机器人
戴 森 洗 地 吸 尘 器,戴森吸尘器
莱 克 北 极 星 洗 地 机,莱克洗地机
松 下 手 持 吸 尘 器,松下吸尘器
科 沃 斯 扫 地 机 器 人,科沃斯扫地机器人
启 为 洗 地 机,洗地机
烫 衣 板,烫衣板
汉 倍 智 能 清 洁 坐 便 器,汉倍坐便器
汉 倍 智 能 清 洁 便 坐 器,汉倍便坐器
汉 倍 一 体 式 智 能 马 桶,汉倍智能马桶
熨 衣 板,熨衣板
华 为 办 宝 英 寸 会 议 平 板,华为会议平板
华 为 智 慧 屏,华为智慧屏
智 慧 屏,智慧屏
华 为 寸 智 慧 屏,华为智慧屏
华 为 英 寸 智 慧 屏,华为智慧屏
索 尼 经 典 手 机,索尼手机
荣 耀 至 臻 版 经 典 手 机,荣耀手机
华 为 经 典 手 机,华为手机
三 星 经 典 手 机,三星手机
苹 果 手 机,苹果手机
小 米 骁 龙 手 机,小米手机
联 想 手 机 钛 晶 灰,联想手机
维 沃 至 黑 手 机,维沃手机
小 米 手 骁 龙 手 机,小米手机
维 沃 商 务 手 机,维沃手机
蔚 蓝 海 华 为 经 典 手 机,华为手机
流 沙 金 华 为 经 典 手 机,华为手机
洛 可 可 白 华 为 经 典 手 机,华为手机
羽 砂 紫 华 为 经 典 手 机,华为手机
羽 砂 黑 华 为 经 典 手 机,华为手机
翡 冷 翠 华 为 经 典 手 机,华为手机
华 为 经 典 手 机 套 装,华为手机
欧 珀 商 务 手 机,欧珀手机
翡 冷 翠 华 为 商 务 手 机,华为手机
洛 可 可 白 华 为 商 务 手 机,华为手机
羽 砂 黑 华 为 商 务 手 机,华为手机
羽 砂 紫 华 为 商 务 手 机,华为手机
华 为 商 务 手 机 电 信 厅 专 供,华为手机信
翡 冷 翠 华 为 手 机 套 装,华为手机
华 为 商 务 手 机,华为手机
商 务 手 机,手机
荣 耀 商 务 手 机,荣耀手机
曜 金 黑 华 为 商 务 手 机,华为手机
幻 夜 黑 华 为 畅 享 实 用 手 机,华为手机
麦 芒 实 用 手 机,麦芒手机
欧 珀 实 用 手 机,欧珀手机
华 为 畅 享 实 用 手 机,华为手机
维 沃 手 机,维沃手机
荣 耀 实 用 手 机,荣耀手机
维 沃 实 用 手 机,维沃手机
荣 耀 畅 玩 实 用 手 机,荣耀手机
冰 晶 蓝 华 为 畅 享 实 用 手 机,华为手机
荣 耀 娱 乐 手 机,荣耀手机
华 为 娱 乐 手 机,华为手机
一 加 娱 乐 手 机,一加手机
麦 芒 娱 乐 手 机,麦芒手机
维 沃 娱 乐 手 机,维沃手机
羽 砂 紫 华 为 折 叠 屏 手 机,华为手机
羽 砂 白 华 为 折 叠 屏 手 机,华为手机
羽 砂 黑 华 为 折 叠 屏 手 机,华为手机
努 比 亚 红 魔 游 戏 手 机,努比亚手机
艾 酷 竞 速 版 娱 乐 手 机,艾酷手机
一 加 游 戏 手 机,一加手机
三 星 娱 乐 手 机,三星手机
维 沃 折 叠 手 机,维沃手机
华 为 折 叠 手 机,华为手机
三 星 折 叠 屏 手 机,三星手机
荣 耀 折 叠 手 机,荣耀手机
欧 珀 折 叠 屏 手 机,欧珀手机
晨 曦 金 华 为 折 叠 屏 手 机,华为手机
青 山 黛 华 为 折 叠 屏 手 机,华为手机
卡 唛 保 险 柜,卡[UNK]保险柜
卡 唛 安 纳 保 险 柜,卡[UNK]保险柜
卡 唛 保 险 箱,卡[UNK]保险箱
艾 谱 保 险 箱,艾谱保险箱
艾 谱 保 险 柜,艾谱保险柜
卡 唛 智 能 保 险 柜,卡[UNK]保险柜
艾 斐 堡 天 朗 指 纹 密 码 保 险 柜,保险柜
艾 斐 堡 天 尚 型 指 纹 锁 密 码 保 险 柜,保险柜
得 力 碎 纸 机,得力碎纸机
科 密 粉 尘 级 保 密 办 碎 纸 机,科密碎纸机
柯 尼 卡 美 能 达 双 面 自 动 进 稿 器 黑 白 多 功 能 复 合 机,多功能
柯 尼 卡 美 能 达 彩 色 多 功 能 复 合 机,多功能复合机
科 密 粉 尘 级 高 保 密 长 时 间 办 碎 纸 机,科密碎纸机
理 光 高 速 数 码 一 体 化 速 印 机,理光速印机
惠 普 彩 色 激 光 多 功 能 一 体 机,惠普多功能一体机
惠 普 黑 白 激 光 多 功 能 一 体 机 打 印 复,惠普多功能一体机
兄 弟 彩 色 激 光 打 印 机,兄弟打印机
惠 普 喷 墨 一 体 机 幅 面 彩 色 页 分 钟 打 印 扫 描 复 印 传 真,惠普喷墨一体机
爱 普 生 列 平 推 式 票 据 打 印 机,爱普生票据打印机
惠 普 黑 白 激 光 打 印 机,惠普打印机
虎 牌 保 险 柜 家 用 虎 牌 百 雅 型 布 鲁 银,虎牌保险柜
联 想 黑 白 激 光 打 印 机 自 动 双 面 网 络 打 印,联想打印机
鸿 合 会 议 平 板 锐 系 列 交 互 电 子 白 板 教 学 一 体 机 英,鸿合会议平板
京 瓷 彩 色 激 光 打 印 机 打 印 双 面 网 络 一 年 质 保,京瓷打印机
京 瓷 黑 白 多 功 能 数 码 复 合 机,京瓷数码复合机
京 瓷 黑 白 数 码 复 印 机,京瓷复印机
柯 尼 卡 美 能 达 复 印 机 含 盖 板 数 码 复 印 机,复印机
联 想 激 光 多 功 能 一 体 机 四 合 一 黑 白 页 双 面 网 络 电 话,联想多功能一体机
黑 色 激 光 打 印 机,打印机
理 想 速 印 机,速印机
兄 弟 黑 白 激 光 一 体 机,兄弟激光一体机
兄 弟 喷 墨 一 体 机,兄弟喷墨一体机
东 芝 多 功 能 彩 色 复 合 机 激 光 双 面 打 印 复 印 扫 描 含 双 纸 盒 自 动 双 面 输 稿 器,东芝复合机
奔 图 黑 白 激 光 打 印 机 适 配 国 产 平 台 自 动 双 面 打 印,奔图打印机
奔 图 彩 色 激 光 打 印 机 适 配 国 产 平 台 自 动 双 面 打 印,奔图打印机
长 城 黑 白 激 光 复 印 机 适 配 国 产 平 台 自 动 双 面 打 印 、 复 印,长城复印机
兄 弟 高 速 双 面 扫 描 仪,兄弟扫描仪
良 田 高 拍 仪 幅 面 高 清 高 速 扫 描 双 摄 像,良田高拍仪
理 光 黑 白 多 功 能 数 码 机,理光多功能数码机
惠 普 扫 描 仪,惠普扫描仪
广 播 音 频 设 备 套 装,音频设备
黑 白 激 光 打 印 机,打印机
彩 色 激 光 打 印 机,打印机
夏 普 黑 白 数 码 复 印 机,夏普复印机
得 实 桌 面 型 条 码 打 印 机,得实条码打印机
夏 普 黑 白 双 面 自 动 多 功 能 数 码 复 印 机,夏普复印机
惠 普 彩 色 激 光 打 印 机,惠普打印机
得 实 列 针 式 打 印 机,得实打印机
惠 普 便 携 式 打 印 机,惠普打印机
奔 图 黑 白 激 光 打 印 机,奔图打印机
兄 弟 黑 白 激 光 打 印 机 多 功 能 传 真 机,兄弟打印机
兄 弟 扫 描 仪,兄弟扫描仪
兄 弟 彩 色 喷 墨 多 功 能 一 体 机,兄弟喷墨多功能一体机
兄 弟 黑 白 激 光 打 印 机,兄弟打印机
奔 图 黑 白 多 功 能 一 体 机,奔图多功能一体机
三 木 级 保 密 办 商 用 碎 纸 机,三木碎纸机
三 木 碎 纸 机,三木碎纸机
理 光 速 印 机 数 码 印 刷 机 含 配 件,理光速印机
京 瓷 彩 色 多 功 能 数 码 复 合 机 含 配 件,京瓷数码复合机
惠 普 黑 白 多 能 一 体 机 自 动 双 面,惠普多能一体机
京 瓷 黑 白 多 功 能 数 码 复 印 机 含 配 件,京瓷复印机
惠 普 网 络 黑 白 激 光 打 印 机 × 自 动 双 面,惠普打印机
兄 弟 高 速 扫 描 仪,兄弟扫描仪
惠 普 彩 色 激 光 打 印 机 幅 面 自 动 双 面,惠普打印机
希 沃 网 课 学 习 机 探 索 版,希沃学习机
惠 普 黑 白 激 光 复 合 机,惠普复合机
得 力 针 式 打 印 机,得力打印机
得 力 激 光 打 印 机,得力打印机
惠 普 馈 纸 式 高 速 高 清 自 动 双 面 办 文 档 扫 描 仪,惠普扫描
联 想 彩 色 激 光 打 印 机,联想打印机
惠 普 黑 白 激 光 自 动 双 面 无 线 打 印 机,惠普打印机
惠 普 彩 色 高 速 双 面 激 光 打 印 机,惠普打印机
爱 普 生 便 携 式 无 线 网 络 彩 色 打 印 机,爱普生打印机
希 捷 硬 盘,希捷硬盘
舒 尔 手 持 一 拖 二 话 筒,舒尔话筒
群 晖 盘 位 网 络 存 储 服 务 器,存储服务器
富 士 施 乐 彩 色 激 光 打 印 机 自 动 双 面 打 印,打印机
奔 图 彩 色 打 印 机 黑 色 墨 粉,奔图打印机
富 士 通 扫 描 仪 双 面 高 速 办 文 档,富士通扫描仪
密 高 拍 仪 二 年 保 修,高拍仪
理 光 彩 色 多 功 能 数 码 机 三 年 保 修,理光多功能数码机
兄 弟 彩 色 激 光 多 功 能 一 体 机,兄弟多功能一体机
柯 尼 卡 美 能 达 黑 白 复 印 机 配 双 面 器 双 面 自 动 输 稿,复印机
京 瓷 彩 色 数 码 复 印 机,京瓷复印机
柯 尼 卡 美 能 达 黑 白 多 功 能 复 合 机 主 机 双 面 器 双 面 自 动 输 稿 器 内,多功能复合机主
联 想 激 光 打 印 机 黑 白 页 高 分 辨 率 双 面 网 络,联想打印机
联 想 激 光 打 印 机 黑 白 页 双 面 网 络,联想打印机
惠 普 彩 色 喷 墨 一 体 机,惠普喷墨一体机
得 力 激 光 一 体 机,得力激光一体机
佳 能 喷 墨 多 功 能 一 体 机,佳能喷墨多功一体机
惠 普 彩 色 激 光 一 体 机,惠普激光一体机
惠 普 黑 白 激 光 一 体 机,惠普激光一体机
佳 能 无 线 彩 色 喷 墨 一 体 机,佳能喷墨一体机
惠 普 无 线 喷 墨 一 体 机,惠普喷墨一体机
西 门 子 智 能 门 锁,西门子智能锁
三 星 推 拉 式 智 能 门 锁,三星智能门锁
三 星 把 手 式 智 能 门 锁,三星智能门锁
飞 利 浦 智 能 锁,飞利浦智能锁
德 施 曼 智 能 锁,德施曼智能锁
德 施 曼 全 自 动 人 脸 识 别 智 能 锁,德施曼智能锁
飞 利 浦 人 脸 可 视 智 能 门 锁,飞利浦智能门锁
脉 冲 星 交 流 充 电 桩,充电桩
飞 利 浦 执 手 式 智 能 锁,飞利浦智能锁
欧 兰 特 电 动 晾 衣 架,电动晾衣架
戴 森 台 灯,戴森台灯
戴 森 落 地 灯,戴森落地灯
拉 梦 迷 你 非 透 明 三 色 台 灯,拉梦台灯
拉 梦 迷 你 非 透 明 白 色 台 灯,拉梦台灯
拉 梦 贝 拉 床 头 灯,拉梦床头灯
拉 梦 安 目 乐 多 台 灯,拉梦台灯
联 想 商 用 笔 记 本 固 态,联想笔记本固态
联 想 商 用 笔 记 本,联想笔记本
联 想 台 式 电 脑 启 天 无 光 驱,联想台式电脑
和 冠 数 位 屏 手 绘 屏 超 高 清 含 支 架,和冠手绘屏
戴 尔 英 寸 显 示 器,戴尔显示器
联 想 工 作 站 寸 显 示 器,联想工作站
联 想 商 用 一 体 电 脑 寸 显 示 器,联想电脑
联 想 启 天 一 体 电 脑 寸 屏 幕,联想电脑
联 想 台 式 电 脑 套 机 启 天 寸 显 示 器,联想台式电脑
联 想 工 作 站 寸 联 想 显 示 器,联想工作站
联 想 英 寸 笔 记 本 电 脑,联想笔记本电脑
联 想 台 式 电 脑 一 体 机,联想台式电脑一体机
戴 尔 成 铭 台 式 电 脑 显 示 器,戴尔台式电脑
戴 尔 单 主 机,戴尔主机
戴 尔 成 铭 台 式 电 脑 寸 显 示 器,戴尔台式电脑
戴 尔 台 式 电 脑 无 光 驱 年,戴尔台式电脑
笔 记 本,笔记本
联 想 小 新 锐 龙 版 独 显 英 寸 全 面 屏 笔 记 本 电 脑,联想笔记本电
联 想 商 用 一 体 机 电 脑,联想一体机
惠 普 笔 记 本 电 脑,惠普笔记本电脑
惠 普 台 式 机,惠普台式机
科 大 讯 飞 英 寸 智 能 办 公 本,科大讯飞办公本
科 大 讯 飞 英 寸 智 能 本 办 公 本,科大讯飞办公本
讯 飞 有 声 书,讯飞有声书
汉 王 英 寸 手 写 电 纸 本,汉王电纸本
汉 王 智 能 手 写 电 纸 本,汉王电纸本
和 冠 绘 图 板,和冠绘图板
联 想 笔 记 本 电 脑,联想笔记本电脑
戴 尔 笔 记 本 电 脑 寸,戴尔笔记本电脑
戴 尔 塔 式 工 作 站,戴尔工作站
惠 普 液 晶 显 示 器,惠普显示器
戴 尔 成 铭 台 式 机,戴尔台式机
联 想 笔 记 本 固,联想笔记本
联 想 启 天 台 式 电 脑,联想台式电脑
联 想 启 天 商 用 一 体 机 内 存,联想一体机
索 尼 无 线 控 制 器,索尼无线控制器
戴 尔 台 式 电 脑 寸 显 示 器,戴尔台式电脑
联 想 英 寸 轻 薄 笔 记 本 电 脑,联想笔记本电脑
戴 尔 成 铭 台 式 机 寸 显 示 器,戴尔台式机
华 为 擎 云 台 式 电 脑 麒 麟 固 态,华为台式电脑
联 想 启 天 台 式 电 脑 集 显 电 源,联想台式电脑源
戴 尔 刀 片 服 务 器 至 强 铜 牌 内 存,戴尔服务器
戴 尔 服 务 器 机 箱,戴尔服务器机箱
微 软 游 戏 机,微软游戏机
惠 普 英 寸 翻 转 触 控 笔 记 本,惠普笔记本
惠 普 英 寸 笔 记 本 电 脑,惠普笔记本电脑
微 软 英 寸 平 板 电 脑,微软平板电脑
微 软 版 英 寸 平 板 电 脑,微软平板电脑
星 惠 普 寸 一 体 机 电 脑,惠普一体机
天 逸 联 想 台 式 电 脑,联想台式电脑
微 软 英 寸 一 体 机,微软一体机
小 新 联 想 英 寸 一 体 电 脑,联想电脑
惠 普 小 欧 电 脑 主 机,惠普电脑主机
戴 尔 台 式 机,戴尔台式机
联 想 英 寸 轻 薄 本,联想轻薄本
华 硕 英 寸 双 屏 笔 记 本,华硕笔记本
戴 尔 英 寸 笔 记 本 电 脑,戴尔笔记本电脑
幽 灵 惠 普 寸 翻 转 触 控 笔 记 本,惠普笔记本
华 硕 英 寸 轻 薄 笔 记 本,华硕笔记本
星 惠 普 寸 笔 记 本 电 脑,惠普笔记本电脑
微 软 英 寸 笔 记 本 电 脑,微软笔记本电脑
戴 尔 灵 越 英 寸 笔 记 本 电 脑,戴尔笔记本电脑
戴 尔 代 酷 睿 游 戏 本,戴尔游戏本
暗 影 精 灵 惠 普 台 式 电 脑 主 机,惠普电脑主机
戴 尔 英 寸 游 戏 笔 记 本,戴尔笔记本
联 想 拯 救 者,联想拯救者
枪 神 超 竞 版 英 寸 笔 记 本 电 脑,枪神笔记本电脑
枪 神 英 寸 笔 记 本 电 脑,枪神笔记本电脑
暗 影 精 灵 惠 普 台 式 游 戏 主 机,惠普游戏主机
联 想 英 寸 拯 救 者 游 戏 本,联想游戏本
戴 尔 游 匣 英 寸 游 戏 本,戴尔游戏本
戴 尔 游 匣 寸 游 戏 本,戴尔游戏本
魔 霸 超 能 版 英 寸 笔 记 本 电 脑,笔记本电脑
联 想 英 寸 游 戏 本,联想游戏本
光 影 精 灵 惠 普 英 寸 笔 记 本 电 脑,惠普笔记本电脑
戴 尔 寸 显 示 器,戴尔显示器
黑 色 寸 魔 方 屏 显 示 器,显示器
英 寸 电 竞 游 戏 显 示 器,显示器
英 寸 显 示 器,显示器
畅 玩 版 一 体 机,一体机
微 星 英 寸 显 示 器,微星显示器
索 尼 游 戏 主 机,索尼游戏主机
戴 尔 寸 一 体 机,戴尔一体机
三 星 平 板 电 脑,三星平板电脑
欧 珀 平 板 电 脑,欧珀平板电脑
华 为 英 寸 曲 面 显 示 器 带 鱼 屏 标 准 版,华为显示器
华 为 平 板 电 脑,华为平板电脑
华 为 平 板 电 脑 款,华为平板电脑
华 为 笔 记 本,华为笔记本
华 为 笔 记 本 电 脑 笔 记 本,华为笔记本电脑
华 为 笔 记 本 电 脑,华为笔记本电脑
华 为 笔 记 本 电 脑 款 笔 记 本 电 脑,华为笔记本电脑
华 为 款 笔 记 本 电 脑,华为笔记本电脑
深 屿 灰 三 星 平 板 电 脑,三星平板电脑
华 为 一 体 机 台 式 机,华为一体机
华 为 擎 天 主 机,华为主机
华 为 平 板 电 脑 蓝,华为平板电脑
华 为 平 板 电 脑 灰,华为平板电脑
笔 记 本 电 脑 寸,笔记本电脑
笔 记 本 电 脑,笔记本电脑
华 为 显 示 器 寸 黑 色,华为显示器
华 为 平 板 电 脑 寸 深 海 蓝,华为平板电脑
华 为 平 板 电 脑 寸 曜 石 灰,华为平板电脑
华 为 平 板 电 脑 金,华为平板电脑
华 为 智 慧 屏 寸 星 空 灰,华为智慧屏
华 为 平 板,华为平板
华 为 台 式 电 脑 一 体 机,华为台式电脑一体机
华 为 一 体 机,华为一体机
华 为 笔 记 本 电 脑 笔 记 本 酷 睿,华为笔记本电脑
华 为 款 一 体 机,华为一体机
西 数 移 动 固 态 硬 盘,西数移动固态硬盘
西 数 桌 面 智 能 硬 盘,西数硬盘
三 星 智 能 加 密 移 动 固 态 硬 盘,三星固态硬盘
华 为 口 千 兆 万 兆 企 业 级 核 心 交 换 机 含,华为交换机
华 为 企 业 级 交 换 机 口 千 兆 电 口 万 兆 光 含,华为交换机
无 线 蓝 牙 电 脑 音 箱,音箱
海 康 威 视 交 换 机,海康威视交换机
山 顿 伊 特 电 源 在 线 式,山顿伊特电源
理 士 电 池 节 含 设 备 拆 装 调 试 、 搬 运 费,理士电池
锐 捷 交 换 机 黑 色,锐捷交换机
华 为 企 业 级 交 换 机,华为交换机
微 软 特 制 版 带 触 控 笔 键 盘 盖 套 装,微软键盘盖
微 软 多 媒 体 音 响 扩 展 坞,微软音响扩展坞
群 晖 搭 配 块 希 捷 酷 狼 硬 盘 套 装,硬盘
电 竞 路 由 器,路由器
漫 步 者 先 锋 级 电 竞 游 戏 音 响,漫步者音响
龙 骑 士 代 光 学 蓝 轴 双 模 机 械 电 竞 键 盘,龙骑士键盘
内 置 声 卡 麦 克 风 话 筒,话筒
美 国 网 件 路 由 器,路由器
美 国 网 件 分 布 式 路 由 器,路由器
美 国 网 件 布 式 无 线 路 由 器,路由器
网 件 千 兆 路 由 器,路由器
罗 技 极 光 无 线 游 戏 耳 机,罗技耳机
罗 技 轴 无 线 机 械 游 戏 键 盘,罗技键盘
苹 果 平 板 英 寸,苹果平板
苹 果 平 板 款 芯 片 银 色,苹果平板
苹 果 手 表 蜂 窝 回 环,苹果手表
苹 果 电 脑 英 寸 显 示 屏 一 体 机,苹果电脑体
苹 果 显 示 屏,苹果显示屏
苹 果 电 脑,苹果电脑
苹 果 平 板 英 寸 蜂 窝,苹果平板
苹 果 笔 记 本 电 脑 英 寸 笔 记 本,苹果笔记本电脑
苹 果 笔 记 本 电 脑 笔 记 本,苹果笔记本电脑
苹 果 笔 记 本 电 脑 英 寸 笔 记 本 定 制,苹果笔记本电脑
苹 果 音 响,苹果音响
苹 果 耳 机,苹果耳机
怡 口 前 置 过 滤 器,怡口过滤器
福 库 双 变 压 力 电 饭 煲,福库电饭煲
史 密 斯 便 捷 换 芯 净 水 器,史密斯净水器
史 密 斯 大 流 量 净 水 器,史密斯净水器
东 丽 比 诺 厨 下 式 净 水 器,净水器
怡 口 中 央 净 水 机,怡口净水机
怡 口 清 饮 超 能 宝,怡口超能宝
怡 口 全 厨 直 饮 机,怡口直饮机
史 密 斯 智 慧 互 联 橱 下 冷 热 一 体 净 水 器,史密斯净水器
九 阳 零 涂 层 电 饭 煲,九阳电饭煲
松 下 电 磁 加 热 电 压 力 饭 煲,松下电压力饭煲
东 芝 电 饭 煲,东芝电饭煲
福 库 压 力 电 饭 煲,福库电饭煲
多 功 能 电 水 壶,电水壶
松 下 电 子 保 温 热 水 瓶,松下热水瓶
象 印 微 电 脑 电 热 水 瓶,象印电热水瓶
博 世 多 段 控 温 电 水 壶,博世电水壶
汉 斯 希 尔 万 向 型 前 置 过 滤 器,汉斯过滤器
怡 口 清 滤 宝 标 准 型 前 置 过 滤 器,怡口过滤器
安 吉 尔 管 线 机,安吉尔管线机
道 尔 顿 前 置 过 滤 器,道尔顿过滤器
德 龙 全 自 动 咖 啡 机,德龙咖啡机
意 式 咖 啡 机,咖啡机
飞 利 浦 泵 压 式 咖 啡 机,飞利浦咖啡机
胶 囊 咖 啡 机,咖啡机
优 瑞 全 自 动 二 代 原 装 进 口 意 式 咖 啡 机,咖啡机
松 下 电 烤 箱,松下电烤箱
松 下 蒸 烤 箱,松下蒸烤箱
惠 人 空 气 炸 烤 箱,惠人空气炸烤箱
怡 口 清 饮 智 能 宝,怡口智能宝
怡 口 纯 水 机,怡口纯水机
莱 克 碧 云 泉 移 动 水 吧,莱克水吧
汉 斯 希 尔 三 合 一 反 冲 型 净 水 器,净水器
碧 然 德 净 水 器,净水器
史 密 斯 中 央 软 水 机,史密斯软水机
莱 克 碧 云 泉 茶 艺 净 水 机,莱克净水机
怡 口 即 热 式 壁 挂 管 线 机,怡口管线机
道 尔 顿 台 上 式 末 端 净 水 器,道尔顿净水器
道 尔 顿 厨 下 式 末 端 净 水 器,道尔顿净水器
安 吉 尔 前 置 过 滤 器,安吉尔过滤器
安 吉 尔 厨 下 式 末 端 净 水 器,安吉尔净水器
安 吉 尔 净 水 器,安吉尔净水器
怡 口 反 渗 透 纯 水 机,怡口纯水机
怡 口 中 央 净 水 器,怡口净水器
史 密 斯 智 慧 互 联 自 助 净 水 器,史密斯净水器
莱 克 碧 云 泉 净 水 机,莱克净水机
怡 口 云 钻 系 列 全 厨 净 水 机,怡口净水机
史 密 斯 智 慧 互 联 冷 热 净 水 器,史密斯净水器
史 密 斯 智 慧 全 联 全 控 冷 热 净 水 器,史密斯净水器
矿 泉 熟 水 机,熟水机
碧 云 泉 智 能 净 水 机,净水机
怡 口 臻 爱 系 列 末 端 直 饮 水 机,怡口饮水机
惠 人 原 汁 机,惠人原汁机
美 的 破 壁 机,美的破壁机
九 阳 高 速 破 壁 调 理 机,九阳调理机
九 阳 免 手 洗 破 壁 机,九阳破壁机
博 世 加 热 破 壁 机,博世破壁机
九 阳 高 速 破 壁 机,九阳破壁机
即 热 速 冷 熟 水 机,熟水机
松 下 多 功 能 电 热 盘,松下电热盘
多 士 炉,多士炉
多 式 炉,多式炉
烤 面 包 机,烤面包机
惠 人 果 蔬 清 洗 机,惠人果蔬清洗机
美 的 蒸 烤 一 体 机,美的蒸烤一体机
松 下 微 蒸 烤 一 体 机,松下微蒸烤一体机
东 芝 微 蒸 烤 一 体 机,东芝微蒸烤一体机
东 芝 微 烤 一 体 机,东芝微烤一体机
东 芝 蒸 汽 烤 箱,东芝蒸汽烤箱
西 屋 破 壁 机,西屋破壁机
九 阳 轻 养 无 人 豆 浆 机,九阳豆浆机
九 阳 豆 浆 破 壁 机,九阳破壁机
电 小 二 户 外 电 源,电小二户外源
卡 儿 酷 户 外 电 源,卡儿酷户外电源
三 星 主 动 降 噪 真 无 线 蓝 牙 耳 机,三星耳机
无 线 一 体 式 歌 麦 克 风,麦克风
华 为 耳 机,华为耳机
华 为 路 由 器 网 线 版,华为路由器
华 为 儿 童 手 表,华为手表
华 为 手 表 时 尚 款,华为手表
华 为 休 闲 手 表 氟 橡 胶 表 带 时 尚 款,华为手表
乐 森 星 际 侦 察 兵,乐森星际侦察兵
乐 森 擎 天 柱 机 器 人 精 英 版,乐森机器人
佳 明 智 能 运 动 腕 表,佳明腕表
佳 明 智 能 运 动 手 表,佳明手表
佳 明 智 能 手 表,佳明手表
佳 明 户 外 运 动 腕 表 旗 舰 版,佳明腕表
华 为 手 表 雅 致 款,华为手表
小 天 才 电 话 手 表,小天才电话手表
苹 果 手 表,苹果手表
华 为 休 闲 手 表 棕 色 真 皮 表 带 时 尚 款,华为手表
华 为 智 能 手 表,华为手表
华 为 手 表 活 力 款,华为手表
欧 珀 智 能 手 表,欧珀手表
三 星 手 表,三星手表
三 星 智 能 手 表 三 星,三星手表
小 度 智 能 网 课 平 板,小度网课平板
小 度 大 屏 护 眼 学 习 机,小度学习机
作 业 帮 二 代 学 习 笔 大 屏 高 阶 版,作业帮学习笔
小 度 学 习 平 板,小度习平板
华 为 手 表,华为手表
华 为 智 能 音 箱,华为音箱
大 疆 机 甲 大 师 专 业 教 育 机 器 人,大疆教
乐 森 星 际 特 工,乐森星际特工
